{"extensionType":"field_faas","i18nMap":{"zh-CN":{"shortcut":"短链接","noteId":"笔记 Id","longLink":"长链接","placeholderShortcut":"请选择小红书短链接对应字段"},"en-US":{"shortcut":"Short Link","noteId":"Note ID","longLink":"Long Link","placeholderShortcut":"Please select the corresponding field for Xiaohongshu Short Link"},"ja-JP":{"shortcut":"ショートリンク","noteId":"ノート ID","longLink":"ロングリンク","placeholderShortcut":"小红書のショートリンクに対応するフィールドを選択してください"}},"fields":[{"fieldType":25,"uiSchema":{"fieldsConfigEditor":{"component":"OpenFieldMetaEditor","props":{"schema":{"items":[{"key":"shortcut","label":"${{shortcut}}","component":"FieldSelect","props":{"placeholder":"${{placeholderShortcut}}","supportType":[15,1]},"validator":{"required":true}}]}}}},"presetFieldConfig":{"fieldProperty":{"propertyType":25,"icon":{"light":"https://lf3-static.bytednsdoc.com/obj/eden-cn/abjayvoz/ljhwZthlaukjlkulzlp/2024q3/telephone.svg?x-resource-account=public"},"properties":[{"key":"id","title":"id","hidden":true,"propertyType":1},{"key":"primaryProperty","title":"${{noteId}}","propertyType":1},{"key":"longLink","title":"${{longLink}}","propertyType":1}]},"externalEditorConfig":{}}}]}